Tm,Year,ActualWinLoss,Pred_WinLoss
BOS,1984,0.756,0.7559999999999999
NJN,1984,0.549,0.549
NYK,1984,0.573,0.573
PHI,1984,0.634,0.634
WSB,1984,0.427,0.42699999999999994
ATL,1984,0.488,0.488
CLE,1984,0.341,0.341
DET,1984,0.598,0.598
HOU,1984,0.354,0.354
SAS,1984,0.451,0.451
CHI,1984,0.329,0.329
DEN,1984,0.463,0.463
IND,1984,0.317,0.317
KCK,1984,0.463,0.463
MIL,1984,0.61,0.61
GSW,1984,0.451,0.451
LAL,1984,0.659,0.659
PHO,1984,0.5,0.5
POR,1984,0.585,0.585
SDC,1984,0.366,0.366
SEA,1984,0.512,0.512
UTA,1984,0.549,0.549
DAL,1984,0.524,0.524
BOS,1985,0.768,0.7680000000000001
NJN,1985,0.512,0.512
NYK,1985,0.293,0.293
PHI,1985,0.707,0.707
WSB,1985,0.488,0.488
ATL,1985,0.415,0.41500000000000004
CLE,1985,0.439,0.43899999999999995
DET,1985,0.561,0.561
HOU,1985,0.585,0.585
SAS,1985,0.5,0.5
CHI,1985,0.463,0.463
DEN,1985,0.634,0.634
KCK,1985,0.378,0.378
MIL,1985,0.72,0.72
GSW,1985,0.268,0.268
LAL,1985,0.756,0.7559999999999999
PHO,1985,0.439,0.43899999999999995
POR,1985,0.512,0.512
SEA,1985,0.378,0.378
UTA,1985,0.5,0.5
BOS,1986,0.817,0.817
NJN,1986,0.476,0.476
NYK,1986,0.28,0.28
PHI,1986,0.659,0.659
WSB,1986,0.476,0.476
ATL,1986,0.61,0.61
CLE,1986,0.354,0.354
DET,1986,0.561,0.561
HOU,1986,0.622,0.622
SAS,1986,0.427,0.42699999999999994
CHI,1986,0.366,0.366
DEN,1986,0.573,0.573
IND,1986,0.317,0.317
MIL,1986,0.695,0.695
GSW,1986,0.366,0.366
LAL,1986,0.756,0.756
PHO,1986,0.39,0.39
POR,1986,0.488,0.488
SEA,1986,0.378,0.378
UTA,1986,0.512,0.512
BOS,1987,0.72,0.72
NJN,1987,0.293,0.293
NYK,1987,0.293,0.293
PHI,1987,0.549,0.549
WSB,1987,0.512,0.512
ATL,1987,0.695,0.695
CLE,1987,0.378,0.378
DET,1987,0.634,0.634
HOU,1987,0.512,0.512
SAS,1987,0.341,0.341
CHI,1987,0.488,0.488
DEN,1987,0.451,0.451
IND,1987,0.5,0.5
MIL,1987,0.61,0.61
GSW,1987,0.512,0.512
LAL,1987,0.793,0.7929999999999999
PHO,1987,0.439,0.43899999999999995
POR,1987,0.598,0.598
SEA,1987,0.476,0.476
UTA,1987,0.537,0.537
DAL,1987,0.671,0.671
BOS,1988,0.695,0.695
NJN,1988,0.232,0.232
NYK,1988,0.463,0.463
PHI,1988,0.439,0.43899999999999995
WSB,1988,0.463,0.463
ATL,1988,0.61,0.61
CLE,1988,0.512,0.512
DET,1988,0.659,0.659
HOU,1988,0.561,0.561
SAS,1988,0.378,0.378
CHI,1988,0.61,0.61
DEN,1988,0.659,0.659
IND,1988,0.463,0.463
MIL,1988,0.512,0.512
GSW,1988,0.244,0.244
LAL,1988,0.756,0.756
PHO,1988,0.341,0.341
POR,1988,0.646,0.646
SEA,1988,0.537,0.537
UTA,1988,0.573,0.573
DAL,1988,0.646,0.646
LAC,1988,0.207,0.207
BOS,1989,0.512,0.512
NJN,1989,0.317,0.317
NYK,1989,0.634,0.634
PHI,1989,0.561,0.561
WSB,1989,0.488,0.488
ATL,1989,0.634,0.634
CLE,1989,0.695,0.695
DET,1989,0.768,0.768
HOU,1989,0.549,0.549
SAS,1989,0.256,0.256
CHI,1989,0.573,0.573
DEN,1989,0.537,0.543
IND,1989,0.341,0.341
MIL,1989,0.598,0.598
GSW,1989,0.524,0.524
LAL,1989,0.695,0.695
PHO,1989,0.671,0.671
POR,1989,0.476,0.476
SEA,1989,0.573,0.573
UTA,1989,0.622,0.622
DAL,1989,0.463,0.463
LAC,1989,0.256,0.256
SAC,1989,0.329,0.329
BOS,1990,0.634,0.634
NJN,1990,0.207,0.207
NYK,1990,0.549,0.549
PHI,1990,0.646,0.646
WSB,1990,0.378,0.378
ATL,1990,0.5,0.5
CLE,1990,0.512,0.512
DET,1990,0.72,0.72
HOU,1990,0.5,0.5
SAS,1990,0.683,0.683
CHI,1990,0.671,0.671
DEN,1990,0.524,0.524
IND,1990,0.512,0.512
MIL,1990,0.537,0.537
GSW,1990,0.451,0.451
LAL,1990,0.768,0.768
PHO,1990,0.659,0.659
POR,1990,0.72,0.72
SEA,1990,0.5,0.5
UTA,1990,0.671,0.671
DAL,1990,0.573,0.573
LAC,1990,0.366,0.366
SAC,1990,0.28,0.28
BOS,1991,0.683,0.683
NJN,1991,0.317,0.317
NYK,1991,0.476,0.476
PHI,1991,0.537,0.537
WSB,1991,0.366,0.366
ATL,1991,0.524,0.524
CLE,1991,0.402,0.40199999999999997
DET,1991,0.61,0.61
HOU,1991,0.634,0.634
SAS,1991,0.671,0.671
CHI,1991,0.744,0.744
DEN,1991,0.244,0.244
IND,1991,0.5,0.5
MIL,1991,0.585,0.585
GSW,1991,0.537,0.537
LAL,1991,0.707,0.707
PHO,1991,0.671,0.671
POR,1991,0.768,0.7680000000000001
SEA,1991,0.5,0.5
UTA,1991,0.659,0.659
DAL,1991,0.341,0.341
LAC,1991,0.378,0.378
SAC,1991,0.305,0.305
BOS,1992,0.622,0.622
NJN,1992,0.488,0.488
NYK,1992,0.622,0.622
PHI,1992,0.427,0.42699999999999994
WSB,1992,0.305,0.305
ATL,1992,0.463,0.463
CLE,1992,0.695,0.695
DET,1992,0.585,0.585
HOU,1992,0.512,0.512
SAS,1992,0.573,0.573
CHI,1992,0.817,0.817
DEN,1992,0.293,0.293
IND,1992,0.488,0.488
MIL,1992,0.378,0.378
GSW,1992,0.671,0.671
LAL,1992,0.524,0.524
PHO,1992,0.646,0.646
POR,1992,0.695,0.695
SEA,1992,0.573,0.573
UTA,1992,0.671,0.671
DAL,1992,0.268,0.268
LAC,1992,0.549,0.549
SAC,1992,0.354,0.354
CHH,1992,0.378,0.378
MIA,1992,0.463,0.463
BOS,1993,0.585,0.585
NJN,1993,0.524,0.524
NYK,1993,0.732,0.732
PHI,1993,0.317,0.317
WSB,1993,0.268,0.268
ATL,1993,0.524,0.524
CLE,1993,0.659,0.659
DET,1993,0.488,0.488
HOU,1993,0.671,0.671
SAS,1993,0.598,0.598
CHI,1993,0.695,0.695
DEN,1993,0.439,0.43899999999999995
IND,1993,0.5,0.5
MIL,1993,0.341,0.341
GSW,1993,0.415,0.41500000000000004
LAL,1993,0.476,0.476
PHO,1993,0.756,0.7559999999999999
POR,1993,0.622,0.622
SEA,1993,0.671,0.671
UTA,1993,0.573,0.573
DAL,1993,0.134,0.134
LAC,1993,0.5,0.5
SAC,1993,0.305,0.305
CHH,1993,0.537,0.537
MIA,1993,0.439,0.43899999999999995
ORL,1993,0.5,0.5
MIN,1993,0.232,0.232
BOS,1994,0.39,0.39
NJN,1994,0.549,0.549
NYK,1994,0.695,0.695
PHI,1994,0.305,0.305
WSB,1994,0.293,0.293
ATL,1994,0.695,0.695
CLE,1994,0.573,0.573
DET,1994,0.244,0.244
HOU,1994,0.707,0.707
SAS,1994,0.671,0.671
CHI,1994,0.671,0.671
DEN,1994,0.512,0.512
IND,1994,0.573,0.573
MIL,1994,0.244,0.244
GSW,1994,0.61,0.61
LAL,1994,0.402,0.40199999999999997
PHO,1994,0.683,0.683
POR,1994,0.573,0.573
SEA,1994,0.768,0.768
UTA,1994,0.646,0.646
DAL,1994,0.159,0.159
LAC,1994,0.329,0.329
SAC,1994,0.341,0.341
CHH,1994,0.5,0.5
MIA,1994,0.512,0.512
ORL,1994,0.61,0.61
MIN,1994,0.244,0.244
BOS,1995,0.427,0.42699999999999994
NJN,1995,0.366,0.366
NYK,1995,0.671,0.671
PHI,1995,0.293,0.293
WSB,1995,0.256,0.256
ATL,1995,0.512,0.512
CLE,1995,0.524,0.524
DET,1995,0.341,0.341
HOU,1995,0.573,0.573
SAS,1995,0.756,0.756
CHI,1995,0.573,0.573
DEN,1995,0.5,0.5
IND,1995,0.634,0.634
MIL,1995,0.415,0.41500000000000004
GSW,1995,0.317,0.317
LAL,1995,0.585,0.585
PHO,1995,0.72,0.72
POR,1995,0.537,0.537
SEA,1995,0.695,0.695
UTA,1995,0.732,0.732
DAL,1995,0.439,0.43899999999999995
LAC,1995,0.207,0.207
SAC,1995,0.476,0.476
CHH,1995,0.61,0.61
MIA,1995,0.39,0.39
ORL,1995,0.695,0.695
MIN,1995,0.256,0.256
BOS,1996,0.402,0.40199999999999997
NJN,1996,0.366,0.366
NYK,1996,0.573,0.573
PHI,1996,0.22,0.22
WSB,1996,0.476,0.476
ATL,1996,0.561,0.561
CLE,1996,0.573,0.573
DET,1996,0.561,0.561
HOU,1996,0.585,0.585
SAS,1996,0.72,0.72
CHI,1996,0.878,0.8779999999999999
DEN,1996,0.427,0.42699999999999994
IND,1996,0.634,0.634
MIL,1996,0.305,0.305
GSW,1996,0.439,0.43899999999999995
LAL,1996,0.646,0.646
PHO,1996,0.5,0.5
POR,1996,0.537,0.537
SEA,1996,0.78,0.78
UTA,1996,0.671,0.671
DAL,1996,0.317,0.317
LAC,1996,0.354,0.354
SAC,1996,0.476,0.476
CHH,1996,0.5,0.5
MIA,1996,0.512,0.512
ORL,1996,0.732,0.732
MIN,1996,0.317,0.317
BOS,1997,0.183,0.183
NJN,1997,0.317,0.317
NYK,1997,0.695,0.695
PHI,1997,0.268,0.268
WSB,1997,0.537,0.537
ATL,1997,0.683,0.683
CLE,1997,0.512,0.512
DET,1997,0.659,0.659
HOU,1997,0.695,0.695
SAS,1997,0.244,0.244
CHI,1997,0.841,0.8410000000000001
DEN,1997,0.256,0.256
IND,1997,0.476,0.476
MIL,1997,0.402,0.40199999999999997
GSW,1997,0.366,0.366
LAL,1997,0.683,0.6890000000000001
PHO,1997,0.488,0.488
POR,1997,0.598,0.598
SEA,1997,0.695,0.695
UTA,1997,0.78,0.78
DAL,1997,0.293,0.293
LAC,1997,0.439,0.43899999999999995
SAC,1997,0.415,0.41500000000000004
CHH,1997,0.659,0.659
MIA,1997,0.744,0.744
ORL,1997,0.549,0.549
MIN,1997,0.488,0.488
BOS,1998,0.439,0.43899999999999995
NJN,1998,0.524,0.524
NYK,1998,0.524,0.524
PHI,1998,0.378,0.378
ATL,1998,0.61,0.61
CLE,1998,0.573,0.573
DET,1998,0.451,0.451
HOU,1998,0.5,0.5
SAS,1998,0.683,0.683
CHI,1998,0.756,0.756
DEN,1998,0.134,0.134
IND,1998,0.707,0.707
MIL,1998,0.439,0.43899999999999995
GSW,1998,0.232,0.232
LAL,1998,0.744,0.744
PHO,1998,0.683,0.683
POR,1998,0.561,0.561
SEA,1998,0.744,0.744
UTA,1998,0.756,0.756
DAL,1998,0.244,0.244
LAC,1998,0.207,0.207
SAC,1998,0.329,0.329
CHH,1998,0.622,0.622
MIA,1998,0.671,0.671
ORL,1998,0.5,0.5
MIN,1998,0.549,0.549
BOS,1999,0.38,0.38
NJN,1999,0.32,0.32
NYK,1999,0.54,0.54
PHI,1999,0.56,0.56
ATL,1999,0.62,0.62
CLE,1999,0.44,0.44
DET,1999,0.58,0.58
HOU,1999,0.62,0.62
SAS,1999,0.74,0.74
CHI,1999,0.26,0.26
DEN,1999,0.28,0.28
IND,1999,0.66,0.66
MIL,1999,0.56,0.56
GSW,1999,0.42,0.42
LAL,1999,0.62,0.62
PHO,1999,0.54,0.54
POR,1999,0.7,0.7
SEA,1999,0.5,0.5
UTA,1999,0.74,0.74
DAL,1999,0.38,0.38
LAC,1999,0.18,0.18
SAC,1999,0.54,0.54
CHH,1999,0.52,0.52
MIA,1999,0.66,0.66
ORL,1999,0.66,0.66
MIN,1999,0.5,0.5
TOR,1999,0.46,0.45999999999999996
VAN,1999,0.16,0.16
BOS,2000,0.427,0.42699999999999994
NJN,2000,0.378,0.378
NYK,2000,0.61,0.61
PHI,2000,0.598,0.598
ATL,2000,0.341,0.341
CLE,2000,0.39,0.39
DET,2000,0.512,0.512
HOU,2000,0.415,0.41500000000000004
SAS,2000,0.646,0.646
CHI,2000,0.207,0.207
DEN,2000,0.427,0.42699999999999994
IND,2000,0.683,0.683
MIL,2000,0.512,0.512
GSW,2000,0.232,0.232
LAL,2000,0.817,0.817
PHO,2000,0.646,0.646
POR,2000,0.72,0.72
SEA,2000,0.549,0.549
UTA,2000,0.671,0.671
DAL,2000,0.488,0.488
LAC,2000,0.183,0.183
SAC,2000,0.537,0.537
CHH,2000,0.598,0.598
MIA,2000,0.634,0.634
ORL,2000,0.5,0.5
MIN,2000,0.61,0.61
TOR,2000,0.549,0.549
VAN,2000,0.268,0.268
BOS,2001,0.439,0.43899999999999995
NJN,2001,0.317,0.317
NYK,2001,0.585,0.585
PHI,2001,0.683,0.683
ATL,2001,0.305,0.305
CLE,2001,0.366,0.366
DET,2001,0.39,0.39
HOU,2001,0.549,0.549
SAS,2001,0.707,0.707
DEN,2001,0.488,0.488
IND,2001,0.5,0.5
MIL,2001,0.634,0.634
GSW,2001,0.207,0.207
LAL,2001,0.683,0.683
PHO,2001,0.622,0.622
POR,2001,0.61,0.61
SEA,2001,0.537,0.537
UTA,2001,0.646,0.646
DAL,2001,0.646,0.646
LAC,2001,0.378,0.378
SAC,2001,0.671,0.671
CHH,2001,0.561,0.561
MIA,2001,0.61,0.61
ORL,2001,0.524,0.524
MIN,2001,0.573,0.573
TOR,2001,0.573,0.573
VAN,2001,0.28,0.28
WAS,2001,0.232,0.232
BOS,2002,0.598,0.598
NJN,2002,0.634,0.634
NYK,2002,0.366,0.366
PHI,2002,0.524,0.524
ATL,2002,0.402,0.40199999999999997
CLE,2002,0.354,0.354
DET,2002,0.61,0.61
HOU,2002,0.341,0.341
SAS,2002,0.707,0.707
CHI,2002,0.256,0.256
DEN,2002,0.329,0.329
IND,2002,0.512,0.512
MIL,2002,0.5,0.5
GSW,2002,0.256,0.256
LAL,2002,0.707,0.707
PHO,2002,0.439,0.43899999999999995
POR,2002,0.598,0.598
SEA,2002,0.549,0.549
UTA,2002,0.537,0.537
DAL,2002,0.695,0.6890000000000001
LAC,2002,0.476,0.476
SAC,2002,0.744,0.744
CHH,2002,0.537,0.537
MIA,2002,0.439,0.43899999999999995
ORL,2002,0.537,0.537
MIN,2002,0.61,0.61
TOR,2002,0.512,0.512
WAS,2002,0.451,0.451
BOS,2003,0.537,0.537
NJN,2003,0.598,0.598
NYK,2003,0.451,0.451
PHI,2003,0.585,0.585
ATL,2003,0.427,0.42699999999999994
CLE,2003,0.207,0.207
DET,2003,0.61,0.61
HOU,2003,0.524,0.524
SAS,2003,0.732,0.732
CHI,2003,0.366,0.366
DEN,2003,0.207,0.207
IND,2003,0.585,0.585
MIL,2003,0.512,0.512
GSW,2003,0.463,0.463
LAL,2003,0.61,0.61
PHO,2003,0.537,0.537
POR,2003,0.61,0.61
SEA,2003,0.488,0.488
UTA,2003,0.573,0.573
DAL,2003,0.732,0.732
LAC,2003,0.329,0.329
SAC,2003,0.72,0.72
MIA,2003,0.305,0.305
ORL,2003,0.512,0.512
MIN,2003,0.622,0.616
TOR,2003,0.293,0.293
WAS,2003,0.451,0.451
BOS,2004,0.439,0.43899999999999995
NJN,2004,0.573,0.573
NYK,2004,0.476,0.476
PHI,2004,0.402,0.40199999999999997
ATL,2004,0.341,0.341
CLE,2004,0.427,0.42699999999999994
DET,2004,0.659,0.659
HOU,2004,0.549,0.549
SAS,2004,0.695,0.695
CHI,2004,0.28,0.28
DEN,2004,0.524,0.524
IND,2004,0.744,0.744
MIL,2004,0.5,0.5
GSW,2004,0.451,0.451
LAL,2004,0.683,0.683
PHO,2004,0.354,0.354
POR,2004,0.5,0.5
SEA,2004,0.451,0.451
UTA,2004,0.512,0.512
DAL,2004,0.634,0.634
LAC,2004,0.341,0.341
SAC,2004,0.671,0.671
MIA,2004,0.512,0.512
ORL,2004,0.256,0.256
MIN,2004,0.707,0.707
TOR,2004,0.402,0.40199999999999997
WAS,2004,0.305,0.305
BOS,2005,0.549,0.549
NJN,2005,0.512,0.512
NYK,2005,0.402,0.40199999999999997
PHI,2005,0.524,0.524
ATL,2005,0.159,0.159
CLE,2005,0.512,0.512
DET,2005,0.659,0.659
HOU,2005,0.622,0.622
SAS,2005,0.72,0.72
CHI,2005,0.573,0.573
DEN,2005,0.598,0.598
IND,2005,0.537,0.537
MIL,2005,0.366,0.366
GSW,2005,0.415,0.41500000000000004
LAL,2005,0.415,0.41500000000000004
PHO,2005,0.756,0.756
POR,2005,0.329,0.329
SEA,2005,0.634,0.634
UTA,2005,0.317,0.317
DAL,2005,0.707,0.707
LAC,2005,0.451,0.451
SAC,2005,0.61,0.61
MIA,2005,0.72,0.72
ORL,2005,0.439,0.43899999999999995
MIN,2005,0.537,0.537
TOR,2005,0.402,0.40199999999999997
WAS,2005,0.549,0.549
MEM,2005,0.549,0.549
BOS,2006,0.402,0.40199999999999997
NJN,2006,0.598,0.598
NYK,2006,0.28,0.28
PHI,2006,0.463,0.463
ATL,2006,0.317,0.317
CLE,2006,0.61,0.61
DET,2006,0.78,0.78
HOU,2006,0.415,0.41500000000000004
SAS,2006,0.768,0.7680000000000001
CHI,2006,0.5,0.5
DEN,2006,0.537,0.537
IND,2006,0.5,0.5
MIL,2006,0.488,0.488
GSW,2006,0.415,0.41500000000000004
LAL,2006,0.549,0.549
PHO,2006,0.659,0.659
POR,2006,0.256,0.256
SEA,2006,0.427,0.42699999999999994
UTA,2006,0.5,0.5
DAL,2006,0.732,0.732
LAC,2006,0.573,0.573
SAC,2006,0.537,0.537
MIA,2006,0.634,0.634
ORL,2006,0.439,0.43899999999999995
MIN,2006,0.402,0.40199999999999997
TOR,2006,0.329,0.329
WAS,2006,0.512,0.512
MEM,2006,0.598,0.598
BOS,2007,0.293,0.293
NJN,2007,0.5,0.5
NYK,2007,0.402,0.40199999999999997
PHI,2007,0.427,0.42699999999999994
ATL,2007,0.366,0.366
CLE,2007,0.61,0.61
DET,2007,0.646,0.646
HOU,2007,0.634,0.634
SAS,2007,0.707,0.707
CHI,2007,0.598,0.598
DEN,2007,0.549,0.549
IND,2007,0.427,0.42699999999999994
MIL,2007,0.341,0.341
GSW,2007,0.512,0.512
LAL,2007,0.512,0.512
PHO,2007,0.744,0.744
POR,2007,0.39,0.39
SEA,2007,0.378,0.378
UTA,2007,0.622,0.622
DAL,2007,0.817,0.817
LAC,2007,0.488,0.488
SAC,2007,0.402,0.40199999999999997
MIA,2007,0.537,0.537
ORL,2007,0.488,0.488
MIN,2007,0.39,0.39
TOR,2007,0.573,0.573
WAS,2007,0.5,0.5
MEM,2007,0.268,0.268
BOS,2008,0.805,0.805
NJN,2008,0.415,0.41500000000000004
NYK,2008,0.28,0.28
PHI,2008,0.488,0.488
ATL,2008,0.451,0.451
CLE,2008,0.549,0.543
DET,2008,0.72,0.72
HOU,2008,0.671,0.671
SAS,2008,0.683,0.683
CHI,2008,0.402,0.40199999999999997
DEN,2008,0.61,0.61
IND,2008,0.439,0.43899999999999995
MIL,2008,0.317,0.317
GSW,2008,0.585,0.585
LAL,2008,0.695,0.695
PHO,2008,0.671,0.671
POR,2008,0.5,0.5
SEA,2008,0.244,0.244
UTA,2008,0.659,0.659
DAL,2008,0.622,0.622
LAC,2008,0.28,0.28
SAC,2008,0.463,0.463
MIA,2008,0.183,0.183
ORL,2008,0.634,0.634
MIN,2008,0.268,0.268
TOR,2008,0.5,0.5
WAS,2008,0.524,0.524
MEM,2008,0.268,0.268
CHA,2008,0.39,0.39
BOS,2009,0.756,0.756
NJN,2009,0.415,0.41500000000000004
NYK,2009,0.39,0.39
PHI,2009,0.5,0.5
ATL,2009,0.573,0.573
CLE,2009,0.805,0.805
DET,2009,0.476,0.476
HOU,2009,0.646,0.646
SAS,2009,0.659,0.659
CHI,2009,0.5,0.5
DEN,2009,0.659,0.659
IND,2009,0.439,0.43899999999999995
MIL,2009,0.415,0.41500000000000004
GSW,2009,0.354,0.354
LAL,2009,0.793,0.7929999999999999
PHO,2009,0.561,0.561
POR,2009,0.659,0.659
UTA,2009,0.585,0.585
DAL,2009,0.61,0.61
LAC,2009,0.232,0.232
SAC,2009,0.207,0.207
MIA,2009,0.524,0.524
ORL,2009,0.72,0.72
MIN,2009,0.293,0.293
TOR,2009,0.402,0.40199999999999997
WAS,2009,0.232,0.232
MEM,2009,0.293,0.293
CHA,2009,0.427,0.42699999999999994
BOS,2010,0.61,0.61
NJN,2010,0.146,0.146
NYK,2010,0.354,0.354
PHI,2010,0.329,0.329
ATL,2010,0.646,0.646
CLE,2010,0.744,0.744
DET,2010,0.329,0.329
HOU,2010,0.512,0.512
SAS,2010,0.61,0.61
CHI,2010,0.5,0.5
DEN,2010,0.646,0.646
IND,2010,0.39,0.39
MIL,2010,0.561,0.561
GSW,2010,0.317,0.317
LAL,2010,0.695,0.695
PHO,2010,0.659,0.659
POR,2010,0.61,0.61
UTA,2010,0.646,0.646
DAL,2010,0.671,0.671
LAC,2010,0.354,0.354
SAC,2010,0.305,0.305
MIA,2010,0.573,0.573
ORL,2010,0.72,0.72
MIN,2010,0.183,0.183
TOR,2010,0.488,0.488
WAS,2010,0.317,0.317
MEM,2010,0.488,0.488
CHA,2010,0.537,0.537
BOS,2011,0.683,0.683
NJN,2011,0.293,0.293
NYK,2011,0.512,0.512
PHI,2011,0.5,0.5
ATL,2011,0.537,0.537
CLE,2011,0.232,0.232
DET,2011,0.366,0.366
HOU,2011,0.524,0.524
SAS,2011,0.744,0.744
CHI,2011,0.756,0.756
DEN,2011,0.61,0.616
IND,2011,0.451,0.451
MIL,2011,0.427,0.42699999999999994
GSW,2011,0.439,0.43899999999999995
LAL,2011,0.695,0.695
PHO,2011,0.488,0.488
POR,2011,0.585,0.585
UTA,2011,0.476,0.476
DAL,2011,0.695,0.695
LAC,2011,0.39,0.39
SAC,2011,0.293,0.293
MIA,2011,0.707,0.707
ORL,2011,0.634,0.634
MIN,2011,0.207,0.207
TOR,2011,0.268,0.268
WAS,2011,0.28,0.28
MEM,2011,0.561,0.561
NOH,2011,0.561,0.561
CHA,2011,0.415,0.41500000000000004
BOS,2012,0.591,0.591
NJN,2012,0.333,0.333
NYK,2012,0.545,0.545
PHI,2012,0.53,0.53
ATL,2012,0.606,0.606
CLE,2012,0.318,0.318
DET,2012,0.379,0.379
HOU,2012,0.515,0.515
SAS,2012,0.758,0.758
CHI,2012,0.758,0.758
DEN,2012,0.576,0.576
IND,2012,0.636,0.636
MIL,2012,0.47,0.47
GSW,2012,0.348,0.348
LAL,2012,0.621,0.621
PHO,2012,0.5,0.5
POR,2012,0.424,0.424
UTA,2012,0.545,0.545
DAL,2012,0.545,0.545
LAC,2012,0.606,0.606
SAC,2012,0.333,0.333
MIA,2012,0.697,0.697
ORL,2012,0.561,0.561
MIN,2012,0.394,0.394
TOR,2012,0.348,0.348
WAS,2012,0.303,0.303
MEM,2012,0.621,0.621
NOH,2012,0.318,0.318
CHA,2012,0.106,0.106
OKC,2012,0.712,0.712
BOS,2013,0.506,0.506
NYK,2013,0.659,0.659
PHI,2013,0.415,0.41500000000000004
ATL,2013,0.537,0.537
CLE,2013,0.293,0.293
DET,2013,0.354,0.354
HOU,2013,0.549,0.549
SAS,2013,0.707,0.707
CHI,2013,0.549,0.549
DEN,2013,0.695,0.695
IND,2013,0.605,0.605
MIL,2013,0.463,0.463
GSW,2013,0.573,0.573
LAL,2013,0.549,0.549
PHO,2013,0.305,0.305
POR,2013,0.402,0.40199999999999997
UTA,2013,0.524,0.524
DAL,2013,0.5,0.5
LAC,2013,0.683,0.683
SAC,2013,0.341,0.341
MIA,2013,0.805,0.805
ORL,2013,0.244,0.244
MIN,2013,0.378,0.378
TOR,2013,0.415,0.41500000000000004
WAS,2013,0.354,0.354
MEM,2013,0.683,0.683
NOH,2013,0.329,0.329
CHA,2013,0.256,0.256
OKC,2013,0.732,0.732
BOS,2014,0.305,0.40199999999999997
NYK,2014,0.451,0.512
PHI,2014,0.232,0.244
ATL,2014,0.463,0.537
CLE,2014,0.402,0.159
DET,2014,0.354,0.41500000000000004
HOU,2014,0.659,0.695
SAS,2014,0.756,0.634
CHI,2014,0.585,0.671
DEN,2014,0.439,0.634
IND,2014,0.683,0.605
MIL,2014,0.183,0.463
GSW,2014,0.622,0.744
LAL,2014,0.329,0.512
PHO,2014,0.585,0.43899999999999995
POR,2014,0.659,0.561
UTA,2014,0.305,0.515
DAL,2014,0.598,0.5
LAC,2014,0.695,0.634
SAC,2014,0.341,0.42699999999999994
MIA,2014,0.659,0.695
ORL,2014,0.28,0.41500000000000004
MIN,2014,0.488,0.549
TOR,2014,0.585,0.42699999999999994
WAS,2014,0.537,0.451
MEM,2014,0.61,0.573
CHA,2014,0.524,0.39
OKC,2014,0.72,0.72
BOS,2015,0.488,0.317
NYK,2015,0.207,0.573
PHI,2015,0.22,0.293
ATL,2015,0.732,0.41500000000000004
CLE,2015,0.646,0.598
DET,2015,0.39,0.317
HOU,2015,0.683,0.671
SAS,2015,0.671,0.634
CHI,2015,0.61,0.561
DEN,2015,0.366,0.293
IND,2015,0.463,0.659
MIL,2015,0.5,0.43899999999999995
GSW,2015,0.817,0.671
LAL,2015,0.256,0.333
PHO,2015,0.476,0.354
POR,2015,0.622,0.476
UTA,2015,0.463,0.43899999999999995
DAL,2015,0.61,0.317
LAC,2015,0.683,0.707
SAC,2015,0.354,0.451
MIA,2015,0.451,0.707
ORL,2015,0.305,0.451
MIN,2015,0.195,0.41500000000000004
TOR,2015,0.598,0.634
WAS,2015,0.561,0.366
MEM,2015,0.671,0.585
OKC,2015,0.549,0.697
BOS,2016,0.585,0.5
NYK,2016,0.39,0.268
PHI,2016,0.122,0.378
ATL,2016,0.585,0.622
CLE,2016,0.695,0.549
DET,2016,0.537,0.561
HOU,2016,0.5,0.61
SAS,2016,0.817,0.671
CHI,2016,0.512,0.576
DEN,2016,0.402,0.341
IND,2016,0.549,0.5
MIL,2016,0.402,0.585
GSW,2016,0.89,0.817
LAL,2016,0.207,0.207
PHO,2016,0.28,0.39
POR,2016,0.537,0.598
UTA,2016,0.488,0.5
DAL,2016,0.512,0.671
LAC,2016,0.646,0.695
SAC,2016,0.402,0.39
MIA,2016,0.585,0.549
ORL,2016,0.427,0.366
MIN,2016,0.354,0.293
TOR,2016,0.683,0.488
WAS,2016,0.5,0.41500000000000004
MEM,2016,0.512,0.573
OKC,2016,0.671,0.5
BRK,2016,0.256,0.256
BOS,2017,0.646,0.537
NYK,2017,0.378,0.38
PHI,2017,0.341,0.463
ATL,2017,0.524,0.66
CLE,2017,0.622,0.768
DET,2017,0.451,0.598
HOU,2017,0.671,0.5
SAS,2017,0.744,0.732
CHI,2017,0.5,0.695
DEN,2017,0.488,0.43899999999999995
IND,2017,0.512,0.646
MIL,2017,0.512,0.561
GSW,2017,0.817,0.671
LAL,2017,0.317,0.232
PHO,2017,0.293,0.293
POR,2017,0.5,0.646
UTA,2017,0.622,0.39
DAL,2017,0.402,0.585
LAC,2017,0.622,0.537
SAC,2017,0.39,0.40199999999999997
MIA,2017,0.5,0.305
ORL,2017,0.354,0.232
MIN,2017,0.378,0.561
TOR,2017,0.622,0.646
WAS,2017,0.598,0.66
MEM,2017,0.524,0.695
OKC,2017,0.573,0.622
BRK,2017,0.244,0.42699999999999994
NOP,2017,0.415,0.183
BOS,2018,0.671,0.707
NYK,2018,0.354,0.378
PHI,2018,0.634,0.40199999999999997
ATL,2018,0.293,0.329
CLE,2018,0.61,0.545
DET,2018,0.476,0.549
HOU,2018,0.793,0.671
SAS,2018,0.573,0.634
CHI,2018,0.329,0.244
DEN,2018,0.561,0.44
IND,2018,0.585,0.585
MIL,2018,0.537,0.646
GSW,2018,0.707,0.622
LAL,2018,0.427,0.333
PHO,2018,0.256,0.476
POR,2018,0.598,0.561
UTA,2018,0.585,0.549
DAL,2018,0.293,0.476
LAC,2018,0.512,0.573
SAC,2018,0.329,0.232
MIA,2018,0.537,0.585
ORL,2018,0.305,0.463
MIN,2018,0.573,0.634
TOR,2018,0.72,0.62
WAS,2018,0.524,0.512
MEM,2018,0.268,0.537
OKC,2018,0.585,0.72
BRK,2018,0.341,0.378
NOP,2018,0.585,0.61
CHO,2018,0.439,0.707
BOS,2019,0.598,0.659
NYK,2019,0.207,0.378
PHI,2019,0.622,0.576
ATL,2019,0.354,0.348
CLE,2019,0.232,0.341
DET,2019,0.5,0.5
HOU,2019,0.646,0.72
SAS,2019,0.585,0.524
CHI,2019,0.268,0.159
DEN,2019,0.659,0.744
IND,2019,0.585,0.634
MIL,2019,0.732,0.329
GSW,2019,0.695,0.512
LAL,2019,0.451,0.378
PHO,2019,0.232,0.476
POR,2019,0.646,0.549
UTA,2019,0.61,0.537
DAL,2019,0.402,0.695
LAC,2019,0.585,0.463
SAC,2019,0.476,0.207
MIA,2019,0.476,0.476
ORL,2019,0.512,0.317
MIN,2019,0.439,0.61
TOR,2019,0.707,0.622
WAS,2019,0.39,0.634
MEM,2019,0.402,0.329
OKC,2019,0.598,0.463
BRK,2019,0.512,0.378
NOP,2019,0.402,0.39
CHO,2019,0.476,0.488
BOS,2020,0.667,0.646
NYK,2020,0.318,0.244
PHI,2020,0.589,0.5
ATL,2020,0.299,0.303
CLE,2020,0.292,0.354
DET,2020,0.303,0.366
HOU,2020,0.611,0.561
SAS,2020,0.451,0.40199999999999997
CHI,2020,0.338,0.317
DEN,2020,0.63,0.41500000000000004
IND,2020,0.616,0.634
MIL,2020,0.767,0.61
GSW,2020,0.231,0.512
LAL,2020,0.732,0.61
PHO,2020,0.466,0.476
POR,2020,0.473,0.41500000000000004
UTA,2020,0.611,0.646
DAL,2020,0.573,0.488
LAC,2020,0.681,0.44
SAC,2020,0.431,0.463
MIA,2020,0.603,0.537
ORL,2020,0.452,0.5
MIN,2020,0.297,0.524
TOR,2020,0.736,0.74
WAS,2020,0.347,0.41500000000000004
MEM,2020,0.466,0.232
OKC,2020,0.611,0.512
BRK,2020,0.486,0.549
NOP,2020,0.417,0.585
CHO,2020,0.354,0.244
BOS,2021,0.5,0.74
NYK,2021,0.569,0.549
PHI,2021,0.681,0.512
ATL,2021,0.569,0.268
CLE,2021,0.306,0.28
DET,2021,0.278,0.549
HOU,2021,0.236,0.671
SAS,2021,0.458,0.488
CHI,2021,0.431,0.42699999999999994
DEN,2021,0.653,0.707
IND,2021,0.472,0.585
MIL,2021,0.639,0.72
GSW,2021,0.542,0.268
LAL,2021,0.583,0.573
PHO,2021,0.708,0.524
POR,2021,0.583,0.488
UTA,2021,0.722,0.683
DAL,2021,0.583,0.634
LAC,2021,0.653,0.707
SAC,2021,0.431,0.293
MIA,2021,0.556,0.634
ORL,2021,0.292,0.488
MIN,2021,0.319,0.585
TOR,2021,0.375,0.683
WAS,2021,0.472,0.232
MEM,2021,0.528,0.5
OKC,2021,0.306,0.232
BRK,2021,0.667,0.317
NOP,2021,0.431,0.41500000000000004
CHO,2021,0.458,0.106
BOS,2022,0.622,0.5
NYK,2022,0.451,0.549
PHI,2022,0.622,0.524
ATL,2022,0.524,0.41500000000000004
CLE,2022,0.537,0.268
DET,2022,0.28,0.207
HOU,2022,0.244,0.43899999999999995
SAS,2022,0.415,0.488
CHI,2022,0.561,0.744
DEN,2022,0.585,0.671
IND,2022,0.305,0.512
MIL,2022,0.622,0.7559999999999999
GSW,2022,0.646,0.40199999999999997
LAL,2022,0.402,0.354
PHO,2022,0.78,0.622
POR,2022,0.329,0.5
UTA,2022,0.598,0.683
DAL,2022,0.634,0.634
LAC,2022,0.512,0.634
SAC,2022,0.366,0.549
MIA,2022,0.646,0.695
ORL,2022,0.268,0.207
MIN,2022,0.561,0.451
TOR,2022,0.585,0.524
WAS,2022,0.427,0.573
MEM,2022,0.683,0.549
OKC,2022,0.293,0.207
BRK,2022,0.537,0.6890000000000001
NOP,2022,0.439,0.573
CHO,2022,0.524,0.561
BOS,2023,0.695,0.671
NYK,2023,0.573,0.5
PHI,2023,0.659,0.683
ATL,2023,0.5,0.524
CLE,2023,0.622,0.524
DET,2023,0.207,0.106
HOU,2023,0.268,0.378
SAS,2023,0.268,0.5
CHI,2023,0.488,0.488
DEN,2023,0.646,0.805
IND,2023,0.427,0.378
MIL,2023,0.707,0.671
GSW,2023,0.537,0.732
LAL,2023,0.524,0.463
PHO,2023,0.549,0.671
POR,2023,0.402,0.268
UTA,2023,0.451,0.293
DAL,2023,0.463,0.61
LAC,2023,0.537,0.524
SAC,2023,0.585,0.28
MIA,2023,0.537,0.451
ORL,2023,0.415,0.293
MIN,2023,0.512,0.659
TOR,2023,0.5,0.5
WAS,2023,0.427,0.695
MEM,2023,0.622,0.5
OKC,2023,0.488,0.42699999999999994
BRK,2023,0.549,0.646
NOP,2023,0.512,0.512
CHO,2023,0.329,0.512
